loan_id,preds
662208,1
326299,1
2310883,0
333041,1
649682,1
388774,1
486993,1
309904,0
2081855,0
2077590,0
2284610,0
662367,1
789005,1
473872,1
509140,1
554790,1
2227752,0
2383415,0
443913,1
2445114,0
806215,1
441972,1
692150,1
2309604,0
2218011,0
2087238,0
2075864,0
2092138,0
517434,1
353624,1
294468,0
447369,1
2444973,0
600434,1
454857,1
460252,1
2476251,0
474330,1
594081,1
1008635,1
362127,0
544282,1
2275298,0
2085991,0
2085211,0
516705,1
2075551,0
437507,1
355782,0
456688,0
500302,1
1184556,1
664738,1
1164262,1
2375957,0
2310464,0
522251,0
2373390,0
2485596,0
2476934,0
482203,0
571515,1
493244,1
428085,1
866493,1
2379172,0
2379372,0
768888,1
612643,0
603396,1
643333,1
2087248,0
476078,1
423349,1
2381196,0
2299733,0
498079,1
449657,1
1048862,1
1132481,1
476404,1
2365337,0
178977,1
561392,0
1212833,1
2369439,0
426886,1
114333,0
2225045,0
364870,1
522651,1
866452,1
2375712,0
580903,1
369835,1
435384,1
548540,1
1000918,1
2286707,0
547428,1
526746,1
1018748,1
458760,1
2087307,0
442713,0
711305,1
762630,1
2295771,0
601096,0
690875,1
504845,1
2378880,0
158704,0
123688,0
2309181,0
2090432,0
516837,0
690459,0
2305596,0
1854629,0
2264670,0
2307897,0
386404,1
489816,1
568275,1
2078275,0
2083764,0
1042541,1
370963,1
398643,1
1083859,1
268549,1
407571,1
468516,1
351721,0
411492,1
2298242,0
785010,1
358417,1
2369513,0
436240,1
2297939,0
461848,1
197019,1
311350,0
423819,1
523157,1
2310056,0
885551,1
2297290,0
2435744,0
495816,1
1054692,1
433202,1
461603,0
1120459,1
613830,1
2379759,0
473847,1
428482,1
596410,1
137271,0
777801,1
512340,0
2085508,0
383761,1
452150,1
172472,0
446300,1
2086655,0
439524,1
2371941,0
245733,1
2377432,0
2175644,0
1097891,1
1683740,0
626762,1
560993,1
2081482,0
2301531,0
433805,1
2445684,0
401062,1
2227577,0
510112,1
465005,1
462715,1
2077682,0
607654,1
972620,1
587567,1
2375886,0
2090034,0
1101069,1
2297777,0
2285270,0
454757,1
2080936,0
309948,1
516085,0
476091,0
2364905,0
2307491,0
2367278,0
439369,1
2367263,0
2381447,0
378418,1
434189,1
459777,1
844427,1
2487224,0
2078650,0
566883,1
638405,1
2089170,0
429223,1
787219,1
409596,0
365014,1
2300744,0
365927,1
2175429,0
2381696,0
2380418,0
214572,1
2306692,0
2306928,0
412246,1
441178,1
462331,1
431783,1
2228610,0
2090535,0
79967,0
363172,0
553867,1
362153,1
2310161,0
2091902,0
2080591,0
856190,1
2088081,0
703390,1
289873,1
453095,1
971512,1
457661,1
631365,1
251775,0
793908,1
361107,1
2299114,0
2310929,0
586253,1
550487,1
500051,1
493151,0
791041,1
433496,1
428292,1
549796,1
1317534,1
382314,1
401199,1
2309141,0
2215235,0
549706,1
222492,1
508022,1
2298607,0
1866407,0
2276376,0
559669,1
975797,1
580721,1
280776,1
583839,1
714335,1
728090,1
2227740,0
184111,0
671452,1
584907,1
437743,0
472505,1
392195,1
2175426,0
356784,1
391056,1
2486025,0
2218329,0
480007,0
2300595,0
425279,1
211283,0
2078144,0
770058,1
866587,1
475852,1
552863,1
2380799,0
2365523,0
793476,1
487071,1
788282,1
2311027,0
2296050,0
647266,1
2434830,0
568705,0
620471,1
2381639,0
315955,0
2089566,0
541818,1
777929,1
466935,1
600157,1
435813,1
430012,1
513120,1
860597,1
820530,1
1160608,1
956877,1
563542,0
570921,0
710743,1
128817,0
2076218,0
400735,1
2227634,0
403630,1
2306396,0
146564,1
383851,0
1030728,1
431418,1
600712,1
510507,1
453021,1
369405,1
453280,1
280337,1
973182,1
2365634,0
768450,1
729124,1
1158015,1
2004939,0
822139,1
2375011,0
381882,1
391981,1
518791,1
1371823,1
397190,1
823772,0
612510,1
506769,1
571004,1
2310104,0
1438231,1
393601,1
98339,1
445279,1
711409,1
409691,1
503073,1
1096918,1
500915,1
651550,1
1816486,0
386719,1
450745,1
2375371,0
514631,1
529742,1
508426,1
706981,1
485291,1
2185360,0
2435052,0
2368584,0
1471784,1
491596,1
2305382,0
2366718,0
2082134,0
1347191,1
1237321,1
803519,1
2305023,0
65426,1
2216321,0
484286,1
2087896,0
2225713,0
1050706,1
364645,1
772806,1
526586,1
2381920,0
492720,1
591725,1
1974638,0
2379013,0
1071795,0
644517,1
430330,1
2379094,0
464824,1
1575162,1
709425,1
433448,1
478260,1
2295545,0
148660,0
2075919,0
2274912,0
353126,1
520138,1
501047,1
524205,1
177768,0
587039,0
758672,1
597463,0
829426,1
128733,0
430033,1
2375449,0
382452,1
2299555,0
2093839,0
484356,0
2377693,0
2379367,0
743275,1
1866465,0
439366,1
1270386,1
648333,1
381543,0
266179,1
440683,0
373485,1
2083647,0
243409,0
1854814,0
1621627,0
2435133,0
507020,1
443833,0
344159,1
600502,1
1595964,0
437323,1
2217329,0
491477,1
559894,0
1412845,1
2089025,0
2368058,0
414690,0
2309907,0
2367428,0
1031998,1
384554,0
707475,1
400818,1
2369518,0
2464600,0
419236,1
2224917,0
1025533,1
402012,1
880407,1
533695,1
752952,1
497697,1
444234,1
320072,0
2475455,0
2306098,0
485804,0
404709,1
406825,1
539484,1
375538,1
511586,1
1443080,1
2375310,0
2295106,0
579970,1
2174845,0
444504,1
835172,1
397415,1
2076198,0
521253,0
2286076,0
660438,1
378929,1
427339,1
2379656,0
2044564,0
1955206,0
2044961,0
2310286,0
169701,0
2311047,0
624230,1
2276219,0
478523,0
840447,1
1009012,1
2381736,0
581861,1
697926,1
263741,1
2380316,0
212894,1
2093671,0
2084491,0
378722,1
2310600,0
250699,1
1865307,0
430091,1
735453,1
360719,1
437935,1
2305551,0
403369,1
128158,0
357885,1
882412,1
566671,1
1172244,1
495383,1
608370,1
2296915,0
2299391,0
2093520,0
218325,1
2365268,0
2045217,0
2305733,0
355011,1
1077221,1
2082658,0
533271,1
73003,0
2309941,0
411483,1
451601,1
2382867,0
2372240,0
534652,1
564302,1
845232,1
822193,1
377773,1
2093508,0
2082723,0
417841,1
346652,1
2308628,0
2294965,0
171220,1
371172,1
440574,0
2075960,0
422456,1
2380353,0
358311,0
2381548,0
311447,1
2377655,0
704774,1
450996,1
2082059,0
2309633,0
480946,0
1478150,1
2370020,0
414326,1
2368739,0
360016,0
433717,1
1572187,1
387784,1
2175866,0
692501,1
470762,1
655377,1
420124,1
2077452,0
319466,0
483880,1
2089908,0
361198,0
350153,1
2365680,0
664100,1
427875,1
2369538,0
250629,1
2381102,0
690882,1
463005,1
1074239,1
820459,1
613210,0
492800,1
2214986,0
456868,1
525961,1
2085355,0
616503,1
2218119,0
128884,0
428069,1
2228756,0
615677,1
587182,1
2081959,0
462447,1
2367546,0
428096,1
2477027,0
442069,1
2234756,0
379227,1
251281,0
583725,0
1019932,1
1552560,1
232917,1
384336,1
2284920,0
1057054,1
620490,1
427342,1
292175,1
1539134,1
418809,1
252695,0
732187,1
297783,1
798729,1
733201,1
2380215,0
254262,0
2311835,0
1133141,1
2275076,0
468817,1
2274746,0
2219126,0
852643,1
2285723,0
549645,1
2227120,0
548024,1
809327,1
2424770,0
2301695,0
119262,1
788538,1
2217261,0
330551,1
1264469,1
498452,1
172802,1
2224633,0
2308241,0
1025062,1
2284662,0
447608,0
715620,1
467219,1
818939,1
2306922,0
1025100,1
711637,1
1060082,1
437782,1
375517,1
545065,1
2299104,0
492092,1
782440,1
1234057,1
317953,1
2381644,0
2300632,0
587832,1
1865411,0
126776,1
472835,0
536253,1
2377551,0
464715,1
2090951,0
424298,1
555869,1
2378328,0
2366670,0
624173,1
2089588,0
2382000,0
371182,1
488103,1
584692,1
151525,0
547162,1
2307357,0
664117,1
2378072,0
598936,0
906804,1
1122196,1
376430,1
2369964,0
484081,0
450635,1
626917,1
425533,1
253427,1
478574,1
451027,1
353472,1
1854692,0
745145,1
363758,1
532761,0
1151009,1
2367390,0
1000396,1
737195,1
2225043,0
436320,1
1145605,1
445765,1
2215680,0
2434913,0
265986,0
455697,1
534009,1
468102,1
596895,1
812192,1
461717,1
616316,0
436389,1
719196,1
445808,1
583137,1
555638,1
741219,1
1156856,1
461452,1
1865158,0
885951,1
734358,1
1031809,1
396532,1
2307359,0
264101,0
2380211,0
1247990,1
372976,1
610280,1
406759,1
2486073,0
524037,1
437167,1
2295833,0
2305484,0
364747,1
441132,1
822196,1
1225724,1
2310376,0
2094057,0
703031,1
431130,1
352330,1
2185373,0
433943,1
553994,1
438208,1
331873,0
2298438,0
2584751,0
867884,1
382825,1
2298923,0
187383,0
407121,0
2090353,0
2378369,0
541190,1
600183,1
2218035,0
632591,1
590182,1
635621,1
533674,0
509301,1
127531,1
428806,1
437915,1
462125,1
619662,1
436078,1
2365763,0
394495,1
629268,1
607574,1
2309138,0
2075135,0
653921,0
834290,1
464609,1
597109,0
475195,1
366248,1
881910,1
426770,1
452616,1
571331,0
1825432,0
356246,1
703022,1
833946,0
2305702,0
660830,1
404575,1
2228884,0
2004923,0
198285,1
981033,1
364559,1
515953,1
480276,1
410670,1
442500,1
1103826,1
495663,1
678703,1
2216917,0
2076897,0
454687,1
1380691,1
474792,0
316361,0
2077363,0
2234816,0
632152,1
542391,1
1165018,1
1332632,1
476207,1
2584938,0
442716,1
2217596,0
2078747,0
517377,0
441792,1
106079,1
1108202,1
708098,1
346820,0
243737,1
2366459,0
985889,1
2366294,0
474768,0
1439592,1
498675,1
648522,1
595465,1
412999,1
613739,1
2076050,0
1098047,1
480632,1
1561991,1
789015,1
252973,1
354583,1
1100863,1
1039669,1
1691741,0
2365696,0
2079799,0
2374958,0
709776,1
464502,1
261479,0
348964,1
2308431,0
570482,1
2077447,0
508234,1
348723,0
879262,1
2310015,0
410399,1
2076062,0
2090299,0
1402065,1
2228869,0
2365659,0
502802,1
628751,1
500207,1
626835,1
642494,1
2309024,0
2081371,0
607333,1
1190199,1
538397,0
2377392,0
1481528,1
434190,1
1826974,0
2300566,0
167584,1
347390,1
2309686,0
348069,1
2078574,0
347277,0
390228,1
325172,1
2296071,0
386469,1
862592,1
481879,1
352830,1
966908,1
834961,1
589888,1
879901,1
2365213,0
1544783,1
627320,1
488783,1
1066081,1
808459,1
722464,1
979294,1
358280,1
781375,1
429315,1
510739,0
734138,1
2080801,0
439766,1
760654,1
1304063,1
2083835,0
2375594,0
2366513,0
882226,1
603985,1
415746,1
1688473,0
2376441,0
2285632,0
2219069,0
2380570,0
449212,1
2514589,0
2299685,0
588766,1
2216111,0
89258,0
410762,1
500081,1
892989,1
351274,1
547775,1
1684529,0
1062855,1
2219029,0
2369759,0
480999,1
382138,1
2079429,0
2382234,0
828485,1
2094194,0
208728,1
2079718,0
1387058,1
2076860,0
351535,0
462079,1
571768,1
396522,1
416653,0
277162,1
2081696,0
2295801,0
994715,1
433133,1
2434607,0
737185,1
2297223,0
222829,1
599461,1
2275002,0
518786,1
2309847,0
2370278,0
2294758,0
527598,1
354297,1
373398,1
414608,1
2368310,0
980142,1
499908,1
525184,1
1320366,1
2074847,0
645980,1
2309067,0
585453,1
348303,1
154141,1
514896,1
2376645,0
155679,0
2301549,0
2296292,0
765474,1
93055,0
2093574,0
659365,1
2378014,0
2215042,0
853204,1
1373747,1
2077519,0
864011,1
179522,1
356546,1
769615,1
1065395,1
503844,1
2185668,0
483722,1
588898,1
762306,1
2091209,0
696160,0
2090018,0
356473,1
493291,1
2296654,0
486659,1
805646,1
855639,1
2214683,0
2092884,0
2486763,0
152561,0
439480,1
243046,1
483343,1
499993,1
415924,1
2370314,0
2079938,0
2300132,0
599544,1
2274727,0
2295319,0
2378158,0
636399,0
451538,1
454253,1
495126,0
581848,1
456902,0
1611309,0
2301518,0
1332623,1
369114,1
2383370,0
373375,1
2082031,0
886828,1
352372,0
453667,1
1665102,0
460192,1
454804,1
406081,1
2305894,0
509238,1
569318,0
2087235,0
1339593,1
458881,1
2228099,0
2366582,0
230185,1
2214787,0
369529,1
445345,1
371681,1
362717,1
2374923,0
602679,1
239843,1
2227182,0
2081253,0
1425841,1
451628,1
2366208,0
149736,0
349298,0
661548,1
402318,1
544819,1
465138,1
490814,1
2219169,0
2276029,0
2089690,0
69924,1
450443,1
2474883,0
365969,1
2366398,0
458797,1
411093,1
373650,1
438345,1
2311267,0
2175006,0
486468,1
353933,1
2086461,0
2080159,0
2298565,0
497240,1
840199,1
2373249,0
1955584,0
366109,1
591747,0
371976,1
379049,1
359200,0
230545,1
2089539,0
866411,1
2227636,0
2294631,0
529915,1
503881,0
851063,1
175582,1
412846,1
493951,0
486422,1
360283,1
67477,0
585560,1
492483,1
630053,1
539231,0
2301907,0
650283,1
586061,1
308813,1
224984,1
1187816,1
1039253,1
2085942,0
2298721,0
2080600,0
483129,1
491725,0
451501,1
251789,1
537058,0
2394603,0
194850,0
2083474,0
1201335,1
621276,1
2215972,0
1470112,1
640772,1
2083165,0
1159467,1
1342115,1
455152,1
515604,1
2299286,0
2234966,0
2092417,0
2082758,0
534444,1
2445479,0
349923,0
2379132,0
395230,1
560007,1
348609,1
467930,1
472554,1
575569,1
997340,1
1031720,1
1544673,1
634078,1
2086068,0
1334258,1
2300732,0
260597,1
2371433,0
978584,1
646795,0
600468,1
696462,1
566361,1
310969,1
2055076,0
373249,0
853617,1
2078086,0
2310301,0
715022,1
1328938,1
358372,1
581198,0
2088078,0
508736,1
453770,1
462526,1
490595,0
1665202,0
494275,1
426832,1
2297824,0
2085765,0
634737,1
2084129,0
1145328,1
2308713,0
2304752,0
597984,1
373052,1
511303,1
1290370,1
453204,1
452773,1
2374950,0
1241192,1
521667,1
606665,1
2379307,0
2295477,0
2077267,0
769616,1
725751,1
1024600,1
2082535,0
249368,1
797777,1
364878,0
1008652,1
516306,1
131649,1
758355,1
2383427,0
388591,1
413070,1
1200414,1
2364862,0
865886,1
117794,1
2371297,0
2368672,0
444496,1
2305940,0
605101,1
2089291,0
2375061,0
476369,1
398424,1
604139,1
2296076,0
543029,1
185435,0
1186111,1
648493,1
2087404,0
2376069,0
189762,1
304853,1
462277,1
655115,1
685258,1
798812,1
678461,1
2365736,0
528863,1
461356,1
232621,0
2381999,0
2185174,0
385259,1
1048407,1
1914610,0
249194,0
421847,1
721018,1
2368299,0
395615,0
449108,1
407758,0
890346,1
788280,1
537855,1
1047765,1
778770,1
2077609,0
2376812,0
601106,0
768949,1
2090849,0
722312,1
756297,1
577908,0
625500,1
1045294,1
2380643,0
396914,1
890947,1
2224901,0
625868,0
645598,1
350082,1
429696,1
383762,1
2082409,0
696641,1
1303436,1
540882,0
516227,1
617174,1
279242,1
523171,0
2377528,0
640973,1
597558,1
1057996,1
491591,0
607203,1
1519745,1
452401,1
2299218,0
366175,1
2307751,0
259080,1
421049,1
491044,1
1123187,1
1945621,0
164792,1
707827,1
2226826,0
1955329,0
2370808,0
1009540,1
977042,1
2377076,0
673070,1
445702,1
2379924,0
503672,1
219493,0
2300812,0
492602,1
1174283,1
2091368,0
451579,1
2306166,0
2301222,0
2295783,0
473166,1
2217102,0
2089576,0
452001,1
347043,0
366783,1
2295886,0
2088731,0
434155,1
755405,1
752873,1
2374585,0
430920,1
2286099,0
557851,1
676410,1
392826,1
2474932,0
272499,0
841032,1
608389,1
539782,0
416914,1
476299,0
289374,0
431408,1
728452,1
1081156,1
431081,1
377498,1
642775,1
553893,1
103846,0
2374900,0
153193,0
2368450,0
394898,1
536584,0
720358,1
2184764,0
338352,0
635427,1
456047,1
254979,1
433954,1
748479,1
1013989,1
598003,1
1148023,1
783371,1
2298946,0
540779,1
2475049,0
1944745,0
724040,1
2485779,0
1200933,1
757196,1
505991,0
2224690,0
519221,1
2228948,0
847201,1
368995,1
736351,1
1277832,1
2310128,0
731866,1
468057,1
2367282,0
2379142,0
454495,1
642845,1
375466,1
424016,1
2216507,0
401097,0
121568,1
452034,0
997674,1
465845,1
390720,1
2075627,0
2299558,0
523072,1
2475075,0
475055,0
428451,1
350894,0
425402,1
712982,1
2218624,0
1060851,1
2384805,0
605430,1
661905,1
2524625,0
592042,0
1403473,1
499596,1
459627,1
829315,1
770771,1
2091780,0
437401,1
2174672,0
1408257,1
1011907,1
2284769,0
427267,1
1306033,1
2296612,0
791012,1
518434,1
712117,1
496412,1
404765,1
408571,1
2298156,0
768475,1
2366456,0
2089205,0
506892,1
544621,0
452143,1
798092,1
2377865,0
2300506,0
668450,1
586145,1
596621,1
2306968,0
136976,0
2301819,0
1564534,1
498304,1
414363,1
603057,1
2487522,0
369701,0
383745,1
280733,0
2085263,0
2219305,0
2307733,0
445484,1
1867066,0
2091111,0
612371,1
664512,1
847174,1
1178543,1
853784,1
411425,1
552470,1
1044775,1
467078,1
568045,1
378816,1
479713,1
1220600,1
2378501,0
619906,1
696115,1
434092,1
364256,1
2090312,0
379346,1
570595,1
1106895,1
1535982,1
2445600,0
1331685,1
2370599,0
641211,1
2295918,0
373880,1
435959,1
495236,1
483229,1
439077,1
1194639,1
383564,0
2307981,0
411282,1
772333,1
112806,0
2215603,0
373376,1
2370253,0
665497,1
501170,0
2372364,0
2475205,0
360527,0
2378724,0
1269098,1
2298041,0
817770,1
2228888,0
597395,1
387445,1
2083466,0
2380538,0
367384,1
2300773,0
1404343,1
2226277,0
2373409,0
762041,1
2369727,0
2227022,0
349497,0
177913,1
2368819,0
2297762,0
561360,1
2379969,0
372049,1
353601,1
2306729,0
2380805,0
430706,1
2310292,0
260748,1
2374684,0
2083676,0
349679,1
248841,1
2370644,0
199325,0
2286535,0
612986,1
367624,0
368461,1
298792,0
777395,1
111868,0
2079821,0
363596,1
216442,0
777693,1
1684067,0
195655,1
491480,0
602308,1
637755,1
631039,0
1680729,0
1550352,1
459076,1
417234,1
2076668,0
689293,1
1035631,1
458652,1
276107,1
572931,0
2299617,0
629008,1
2365906,0
2374910,0
749796,1
2216888,0
756117,1
558908,0
103507,0
1129706,1
2081163,0
216618,0
552400,1
662747,1
584460,1
350904,1
728204,1
364509,1
710014,1
2215710,0
2367521,0
150940,1
739750,1
1046443,1
534809,1
515040,1
465694,1
1556781,1
1111980,1
416897,1
465730,1
277628,1
474294,1
376549,1
470264,1
633762,1
522556,1
473726,1
2274951,0
2381552,0
2089819,0
2310361,0
2373281,0
2296375,0
374258,0
1025554,1
428614,0
833552,1
347353,0
2380360,0
2297592,0
442206,1
2376969,0
679662,1
364574,1
362293,1
2371221,0
479148,1
218603,0
465704,1
450981,1
1254153,1
228923,1
559800,1
500743,1
544492,1
2476874,0
465370,0
348134,1
522257,1
2377580,0
354246,1
2084097,0
475322,1
457034,1
2308443,0
709269,1
2300799,0
2485403,0
449677,1
2297397,0
620814,1
614623,1
458153,1
2276843,0
448326,1
2367698,0
2076155,0
369725,0
429994,1
778714,1
1345949,1
2080898,0
2382634,0
390401,1
2311053,0
2377143,0
1182518,1
476966,1
2377735,0
2217624,0
528584,0
1674605,0
595847,1
438571,1
2218899,0
663606,1
2299712,0
871287,1
266798,1
1003720,1
455161,1
2369499,0
454566,1
620716,1
406033,1
570987,0
535968,1
710905,1
1302964,1
245611,0
763855,1
232919,0
2444617,0
521363,1
2285219,0
1867128,0
725739,1
547740,1
522627,0
2299034,0
571063,1
1458068,1
455821,1
1032954,1
2076379,0
266720,0
2307014,0
358230,1
2476331,0
2091088,0
641969,1
687214,1
148795,0
1400963,1
2217652,0
2081849,0
2185057,0
442884,1
472363,1
2382001,0
2078079,0
455335,1
2174953,0
752397,1
473637,1
2306449,0
371793,1
380295,1
798247,1
2311026,0
2298679,0
2080034,0
2091068,0
242196,0
453477,1
461505,1
2370059,0
516237,1
445485,1
499054,1
2215631,0
2365195,0
514070,1
398358,1
1219010,1
2434698,0
2309993,0
451624,0
488246,1
2300169,0
253020,1
487311,1
1155790,0
965311,1
380014,1
2377196,0
454801,1
748955,1
431712,1
593266,0
2370928,0
2307464,0
806960,1
829875,1
608740,0
609308,1
1010170,1
576846,1
874604,1
2378548,0
377771,1
2300919,0
2077638,0
708329,1
400212,0
476126,1
2090201,0
1074704,1
487881,1
1102523,1
1010191,1
2228912,0
623709,1
353692,0
499197,1
576615,0
684661,1
364941,1
385010,1
633643,1
581044,0
473210,0
2298136,0
2381501,0
422004,1
442492,1
1637461,0
637843,1
442326,1
386975,1
668490,1
2584637,0
470187,1
450109,1
352080,1
2307079,0
451928,1
2444615,0
2310992,0
515761,0
454791,1
357886,1
2229165,0
2294645,0
1148198,1
401374,1
627766,1
1240376,1
2081918,0
733268,1
590275,1
2366168,0
385183,0
1291087,1
2083779,0
480973,1
475751,1
2296133,0
686232,1
2445653,0
409769,1
429159,1
498805,1
605563,1
2088280,0
757964,1
395272,1
245190,1
1317755,1
2080357,0
509666,1
2225963,0
2379309,0
382975,1
406329,1
388441,1
2372418,0
420313,1
2524996,0
2228411,0
492279,1
429126,1
2091287,0
1576649,1
2077559,0
2015241,0
2369359,0
2369125,0
1241031,1
2301794,0
808071,1
2285232,0
799871,1
642832,1
503146,0
2093935,0
1079108,1
2276794,0
433869,1
1620971,0
977914,1
392880,1
2310740,0
671803,1
1025579,1
486787,1
2435795,0
2092980,0
445995,1
379568,1
556908,1
405415,1
2079262,0
737498,1
429228,1
352901,0
2380661,0
438984,1
92676,1
2367338,0
429605,1
650951,0
584836,1
2366098,0
2075376,0
759397,1
434549,1
1635020,0
2377287,0
391152,1
2380344,0
780781,1
2308139,0
741687,1
668586,1
386752,1
2080420,0
2092061,0
1675138,0
641361,1
615146,0
1220939,1
795701,1
2382909,0
1678556,0
502191,1
2307056,0
488033,1
370261,1
591511,1
2082084,0
538743,1
1166154,1
428460,1
630368,1
724956,1
721756,1
2055249,0
2080573,0
734671,1
2435382,0
404148,1
463612,1
2227111,0
468076,1
135232,0
649691,1
2382583,0
2218985,0
506274,1
150070,0
485111,1
638301,1
1556805,1
994833,1
471862,1
864071,1
2083795,0
762357,1
520090,1
2306058,0
375066,1
1258157,1
1864829,0
441435,1
1486845,1
759372,1
678133,1
2375555,0
453018,1
442934,0
2364567,0
2382611,0
753088,1
474646,1
600026,1
1224622,1
560890,0
2365808,0
366733,1
653914,1
451841,1
654915,1
1636154,0
2304930,0
671796,1
1224674,1
2365086,0
138767,0
492938,0
2227499,0
474032,1
2214740,0
2383453,0
842264,1
484369,1
542493,0
2379400,0
498349,1
670475,1
890625,1
794020,1
735081,1
361522,1
425556,1
2414588,0
574843,0
2374864,0
476412,1
533545,1
504527,1
1855616,0
1098374,1
2371762,0
2089482,0
465111,1
2297674,0
610263,0
2091997,0
1051652,1
553333,1
435681,1
1855485,0
2371296,0
409378,1
620433,1
570344,1
442000,1
201411,0
400749,1
448110,1
2364595,0
274763,1
1180322,1
439667,1
794680,1
357973,1
505651,1
1677519,0
1297876,1
293977,1
450869,1
407572,1
431113,1
2367423,0
2077788,0
390255,1
2077847,0
1040295,1
630464,1
413990,1
447515,0
394426,1
736294,1
409616,1
714675,1
1151805,1
2300087,0
351724,1
2304924,0
358960,1
807799,1
451445,1
484146,1
440243,1
493840,0
2079170,0
2227584,0
694719,1
481013,1
2369186,0
428826,0
840441,1
2091562,0
515230,1
533132,1
2485640,0
442512,1
765661,1
2224794,0
992586,1
608460,1
2296795,0
1905046,0
569663,1
571128,0
1140994,1
218160,0
987490,1
453524,1
2024593,0
482256,1
2219263,0
419816,1
557517,1
1350348,1
2275317,0
488492,1
2077830,0
466717,0
155218,0
2297149,0
2286663,0
353120,0
435217,1
750565,1
321255,1
2086076,0
505888,1
1082763,1
2089661,0
2218098,0
587406,1
526525,1
2365806,0
2295680,0
2064624,0
2445126,0
168222,1
452505,1
2217014,0
732489,1
607432,1
2477184,0
453437,1
2310003,0
485958,1
482435,1
1617686,0
2306369,0
380046,1
578467,1
381426,1
488514,0
708621,1
481854,1
424644,1
2075792,0
2367244,0
778240,1
1224693,1
566102,1
571995,1
763330,1
2216569,0
2376721,0
644003,0
2300603,0
545602,1
1041619,1
2311938,0
471535,0
526929,1
418983,1
2015188,0
397518,1
351791,1
598451,0
627453,0
454838,1
543975,1
498017,0
2311213,0
459912,0
2081137,0
2284761,0
434611,1
2366202,0
151017,0
580816,1
884600,1
465656,1
808902,1
1372511,1
154593,0
2366765,0
618031,1
1044695,1
762420,1
686975,1
413229,1
731219,1
2299935,0
385903,0
362785,1
1679696,0
893714,1
469773,1
460122,1
834791,1
2300873,0
655023,1
859615,1
816167,1
2300395,0
672642,1
1030656,1
2044643,0
544041,0
345159,1
622061,1
2229350,0
1627911,0
536278,1
496871,1
556823,1
451663,1
404966,1
240105,1
2229394,0
364302,1
2089800,0
430850,1
2305913,0
722761,1
2295528,0
996814,1
2081082,0
443735,1
376227,1
478427,0
592140,1
1300838,1
2368109,0
710929,1
168479,0
872250,1
469070,1
449831,1
501651,1
2487212,0
1404443,1
379329,0
757039,1
2311498,0
1601038,0
2298371,0
1232732,1
383307,1
2078996,0
486459,1
1347422,1
446171,1
415345,1
515070,1
989511,0
2306624,0
2087021,0
841116,1
386851,1
2384782,0
654313,1
439451,1
415585,1
1093422,1
2093881,0
440814,1
836792,1
348888,0
1034722,1
347754,0
782727,1
2299866,0
2364976,0
2295226,0
364420,1
602911,1
413628,0
599533,1
451016,1
775656,1
2228612,0
2091211,0
864008,1
2365613,0
2076604,0
788049,1
443101,1
418418,1
844008,1
2298573,0
395185,1
550745,0
271058,1
2311886,0
421199,1
2219135,0
2228981,0
413227,1
349741,0
1034236,1
704047,1
2310147,0
1689596,0
413978,1
453529,0
2092859,0
537678,1
807187,1
2366376,0
434197,1
2299313,0
2094560,0
150038,0
1370060,1
432493,1
444886,1
1111533,1
600850,1
684205,1
92402,1
737501,1
429749,1
449610,1
84918,1
2372124,0
1526387,1
467969,1
555915,1
362277,1
863376,1
2299637,0
2309793,0
416850,1
365809,1
1855614,0
705728,1
741771,1
2308363,0
433371,1
2368603,0
853738,1
1140832,1
1402519,1
428105,1
2366647,0
969359,1
408012,1
826113,1
651274,1
490255,0
526701,1
437948,1
375086,1
2093611,0
554043,1
819530,1
2307898,0
583544,0
381545,1
2375536,0
2310588,0
602016,0
1945247,0
642328,1
364587,1
2366010,0
441476,1
2092604,0
862013,1
575676,1
471391,1
2274891,0
2300141,0
2089057,0
219000,1
1574217,1
496066,1
439530,1
566852,1
481176,1
711577,1
413010,1
443016,1
501802,1
407166,1
2382430,0
741404,1
738712,1
855842,1
490331,0
2376010,0
971337,1
514803,1
521140,1
447280,1
615158,1
348233,1
287359,1
773247,1
2055116,0
2307421,0
450302,1
2369549,0
483084,1
793889,1
2298484,0
2088296,0
2295932,0
478835,1
608991,1
468315,1
115606,0
492904,1
152104,0
435210,1
1009979,1
1115962,1
557635,1
358421,1
2476383,0
1112428,1
450829,0
2371483,0
774252,1
2368709,0
440037,0
2380082,0
351421,0
2486852,0
2228551,0
241502,1
2215724,0
427684,1
2217098,0
1151778,1
454392,1
2374743,0
2090121,0
2074795,0
488888,1
2373338,0
2375677,0
2216783,0
2370312,0
405050,1
609616,0
442471,1
2475102,0
608558,0
2227069,0
2372271,0
415886,1
2082644,0
2295860,0
455153,1
533232,1
1278180,1
513720,1
361904,1
1031117,1
486476,1
1588080,0
2079968,0
1412277,1
389428,1
625995,1
894043,1
1224230,1
244643,0
1695760,0
538350,1
707711,1
484070,1
2094105,0
712746,1
599614,0
2175225,0
2311349,0
1571027,0
2286492,0
566428,1
2090942,0
659238,1
2286330,0
2295867,0
348274,1
428763,1
2301380,0
2365986,0
2215146,0
465470,1
388623,1
219178,1
2435394,0
279784,0
2174913,0
2081617,0
403366,1
357874,1
726335,1
1099774,1
454092,1
734475,1
594800,1
418062,0
973931,1
514837,0
2226723,0
665932,1
471030,1
391525,1
373952,1
435240,1
619682,1
2217777,0
631604,1
2075906,0
183801,1
364515,1
451412,1
197192,0
2334900,0
2175401,0
505408,1
1444292,1
498366,0
679780,1
2309462,0
130907,1
442791,1
2217346,0
447839,0
227773,1
1106276,1
2364806,0
763883,1
2228890,0
454474,1
434985,1
303940,1
2227398,0
743713,1
455306,1
2089159,0
1127203,1
402638,1
401614,1
1826215,0
599253,1
1637859,0
2311072,0
2373268,0
1298426,1
363351,0
372419,1
340769,0
1817207,0
728670,1
838376,1
549618,1
1384642,1
592900,1
2295618,0
2368190,0
1440650,1
389784,1
2476561,0
2435667,0
439131,1
2094585,0
2090974,0
833335,1
607665,0
2307597,0
2175701,0
735617,1
1623845,0
823662,1
592760,0
384963,1
2309965,0
2311552,0
2370516,0
738769,1
475820,1
690606,1
2297613,0
1358003,1
2299865,0
2424569,0
380313,1
874800,1
408191,1
384283,1
1826072,0
814682,1
356159,1
533057,1
123228,1
551828,1
361549,1
419559,0
455300,1
463390,1
1018065,1
2229159,0
2306641,0
2076671,0
372999,1
399058,0
552294,1
196559,1
460667,1
312303,0
1173799,1
140222,0
2371295,0
2375514,0
470134,1
2494562,0
2295132,0
2085339,0
382322,1
501129,1
2081985,0
362159,1
2311533,0
2445821,0
428462,0
676800,1
331738,0
370852,1
385924,1
560773,1
351244,1
551889,1
1043961,1
2284881,0
366874,1
2297608,0
143102,1
2424640,0
1014291,1
1066635,1
1430805,1
348742,0
1556483,1
606844,0
1689200,0
2435332,0
354604,1
468995,0
249942,1
2380310,0
1391284,1
347987,1
1054034,1
538622,1
2309569,0
2175285,0
2224595,0
2376190,0
1464067,1
544977,0
242025,0
494214,1
622724,0
437489,0
364362,1
2378536,0
313864,1
724178,1
2484601,0
2311230,0
1000513,1
678399,1
2083990,0
2376871,0
660470,1
2371184,0
2296392,0
373258,1
362592,1
2474699,0
526894,1
259106,1
349950,1
2093866,0
283014,1
2075582,0
469025,1
2378640,0
466368,0
489107,1
477446,1
346822,1
358905,1
2091520,0
450960,1
755513,1
2219097,0
2086192,0
572119,1
444805,1
506768,0
500156,1
1016318,1
522306,0
864207,1
785907,1
2369677,0
348786,1
2376093,0
2286660,0
308403,1
2487779,0
740057,1
347110,0
467968,1
399454,0
320518,0
2285126,0
435440,1
603448,0
526903,1
2075726,0
1071996,1
424311,1
439546,0
385199,1
533867,1
2366898,0
723166,1
272266,1
477919,1
1247240,1
2295630,0
2298948,0
796092,1
114943,0
475809,1
888484,1
632097,1
503299,1
404922,1
443926,1
403101,1
2305301,0
2298457,0
457749,1
861773,1
2216835,0
387539,0
2306089,0
2077097,0
1691314,0
119071,0
142618,1
728941,1
835155,1
2227365,0
504431,0
353381,1
2217074,0
387448,1
407423,1
2305169,0
606539,0
2381244,0
251944,0
629097,1
1855878,0
2086770,0
451425,1
215400,0
2308289,0
631926,1
324428,1
614250,1
367414,1
535687,1
453366,1
391645,1
836201,1
350484,1
616634,1
383364,1
786317,1
2368078,0
709539,1
638457,1
405699,0
1826715,0
1706313,0
1734712,0
385349,1
391887,1
2082660,0
2445339,0
355680,1
699321,1
2445688,0
375369,1
294636,1
246553,1
774836,1
2485226,0
573005,1
1076222,1
2218127,0
998499,1
629011,1
399691,1
2310813,0
553592,1
1281982,1
1914802,0
2294597,0
1204979,1
498726,1
707917,0
2226425,0
458452,1
434607,1
2085626,0
380348,1
650051,1
700159,1
711199,1
386563,1
461778,1
2215726,0
859993,1
841903,1
2090466,0
2218716,0
2368539,0
567584,1
2185661,0
2087202,0
479391,1
296050,1
661743,1
240361,1
625318,0
2311859,0
2486190,0
388952,1
2229147,0
2307891,0
599168,0
468319,0
349272,0
2285147,0
362937,1
627397,1
2485808,0
580279,1
2054881,0
810558,1
2307307,0
470697,1
436117,1
2226224,0
1191824,1
1487494,1
469953,1
531179,0
430754,1
1255454,1
2306096,0
491049,1
2089436,0
2227522,0
1684472,0
720618,1
857264,1
359401,1
2306764,0
718773,1
802988,1
377780,1
2383006,0
348559,0
503502,1
2216009,0
517055,1
288584,1
2365823,0
2295081,0
1229874,1
651958,1
2077418,0
463918,1
600762,1
641768,1
2367688,0
1058722,1
530957,1
196148,1
463973,1
2369376,0
2184826,0
535385,1
2309254,0
1205090,1
437707,1
2296864,0
2300582,0
324177,1
478877,0
1040822,1
118523,1
823054,1
802377,1
2365717,0
515980,1
1815918,0
543509,1
866257,1
131626,1
1394566,1
847552,1
429971,1
2372533,0
677831,1
597469,1
366292,1
823357,1
2484628,0
816388,1
452429,1
169525,1
616829,1
438070,1
534439,1
354261,1
389232,1
601956,1
560657,1
449264,1
627278,1
2372077,0
369981,1
708331,0
2085223,0
1296329,1
2217317,0
2286394,0
434106,1
243665,0
2090130,0
746300,1
445086,0
437894,1
2301860,0
2365088,0
347541,1
386164,0
352479,0
638861,1
294372,0
436807,1
493393,1
970218,1
374151,1
708626,1
1092341,1
2081062,0
2185426,0
495888,1
810737,1
1118014,1
196910,1
273432,1
376314,1
2377806,0
526007,1
864757,1
480239,1
585825,1
2299098,0
746780,1
513245,1
720977,1
505615,1
202720,1
508319,1
465036,1
1188156,1
520091,1
635366,1
371909,1
1530372,1
1009492,1
2484608,0
2093273,0
2219164,0
650732,1
651738,1
2086289,0
701561,1
2286955,0
2224843,0
1654889,0
590232,1
2365314,0
385520,1
2300225,0
379899,0
2334651,0
1144113,1
2381876,0
571796,1
2219381,0
236199,1
2087642,0
2085332,0
2299937,0
605475,1
379597,1
634886,1
459266,1
2080965,0
2377936,0
1408147,1
2081705,0
2311869,0
558483,1
500115,1
368432,1
365171,1
425290,1
523084,1
546954,1
769628,1
2379297,0
477532,1
2369369,0
1344286,1
384200,1
987614,1
444605,1
2373035,0
2375916,0
762765,1
1130577,1
1048887,1
463130,1
976761,1
278269,0
490809,1
876865,1
557972,1
2087930,0
380656,1
413365,1
344655,1
581872,0
2379321,0
702165,1
366213,0
1148679,1
593147,1
2296390,0
421352,1
1059603,1
1307088,1
544732,0
2228171,0
789559,1
754218,1
387021,1
351466,0
423544,1
414574,1
609623,1
176062,1
1109433,1
2216557,0
579604,1
456880,1
2284982,0
332128,0
2216384,0
271311,0
2086816,0
385412,1
432399,1
574811,1
1954845,0
2091532,0
404353,1
493190,0
366887,1
488836,0
461259,1
761732,1
544402,1
818370,1
774258,1
2083923,0
1635928,0
423316,1
605318,1
2215520,0
491032,1
1035167,1
487890,1
427621,1
2369424,0
542230,1
275790,1
534370,1
468599,1
2304782,0
380963,1
365868,1
457854,1
2307010,0
2304672,0
413899,1
2074925,0
346294,1
2310882,0
2092139,0
512740,1
365040,0
1705208,0
386710,1
415899,1
401657,1
403734,0
1688355,0
2088307,0
550341,1
444216,0
424008,1
466211,1
585680,1
2299593,0
682143,1
2296339,0
643822,0
687492,1
725320,1
492420,1
229063,0
2082026,0
447737,1
560450,1
2074608,0
348227,0
573817,1
2286590,0
455253,1
1076781,1
799391,1
2376994,0
476498,1
2087922,0
1363816,1
2284654,0
435064,1
295160,0
2305927,0
574856,1
421492,1
467145,1
2300419,0
2307187,0
464899,1
821300,1
1091557,1
187567,0
2077205,0
1023824,1
550577,0
575734,1
1826365,0
817882,1
575753,1
2091784,0
441719,1
654411,1
1816388,0
608120,1
460240,1
2215775,0
660364,1
2301537,0
451211,1
578432,1
2294939,0
540300,1
635771,0
2301610,0
2378466,0
751479,1
2082987,0
1029273,1
435909,1
1002509,1
2092851,0
452298,1
476505,1
505024,1
459431,1
218680,1
453314,1
528653,0
994691,1
772665,1
2084185,0
1446515,1
727426,1
2093563,0
819971,1
1004695,1
1079862,1
400900,1
813997,1
2087106,0
1004936,1
783506,1
2434779,0
2370659,0
2373552,0
753616,1
2083303,0
2445861,0
421374,1
1944913,0
1112033,1
142790,1
126213,1
589653,1
847448,1
567196,0
626785,1
569097,1
533581,1
264630,1
477281,1
2369446,0
2305385,0
357864,1
376318,1
2184644,0
2216761,0
2305582,0
2301581,0
2079014,0
2368598,0
460185,1
2081869,0
352670,0
423412,1
1173586,1
620204,1
1373800,1
427979,1
2369301,0
350827,1
1269802,1
365356,1
2078261,0
495551,1
2077730,0
432703,0
553188,1
2217884,0
315595,1
456267,1
564566,1
193452,1
1000643,1
2475014,0
494235,1
1827199,0
2081603,0
350715,1
436358,1
2090254,0
371029,1
746542,1
2300074,0
499557,0
520923,1
675642,1
2093792,0
507471,0
2228853,0
542402,1
2091506,0
367285,1
2276677,0
2300634,0
507712,1
360501,1
2299816,0
2381522,0
2225242,0
495146,1
392932,1
2364824,0
2218652,0
1052169,1
610730,1
503416,1
481872,1
2090035,0
139790,1
819621,1
382421,1
457651,1
2365346,0
1115247,1
194762,1
1682052,0
2094152,0
2091489,0
382086,1
283480,1
1683023,0
502289,1
2299548,0
345715,0
541691,0
474459,1
446011,1
246799,0
2309294,0
457212,0
294163,0
2082829,0
536780,1
408282,0
353294,0
403946,0
352484,1
348841,1
1403957,1
2380961,0
502275,1
441727,1
421382,1
361161,1
2375417,0
818698,1
360157,1
263180,1
2090524,0
884798,1
607501,1
392787,1
545189,1
445168,1
1205054,1
611655,1
2307826,0
579052,1
498214,0
506492,1
577815,0
2078030,0
460957,1
583574,1
537110,1
1451440,1
2311754,0
2285429,0
2378038,0
347320,1
361859,1
388426,1
2175343,0
2218524,0
347416,1
1308829,1
493529,1
2077254,0
2301205,0
2306756,0
786633,1
2377182,0
1477205,1
458440,1
252482,1
587075,0
2228830,0
763950,0
741724,1
2088502,0
378905,1
808408,1
830870,1
513976,1
2228115,0
444554,1
2379223,0
395566,1
471913,1
318381,1
2175631,0
2311156,0
344959,1
2075552,0
786376,1
387083,1
2078912,0
364550,1
1018358,1
579428,0
549133,1
2369922,0
1914736,0
2306603,0
2367604,0
1113278,1
2384666,0
1106439,1
469077,1
458499,1
2299077,0
401406,0
548346,0
373881,1
350958,1
365220,0
350826,1
475900,1
1088754,1
219770,1
1531684,1
2080747,0
1019471,1
558728,1
2092451,0
497228,1
805242,1
674215,1
1140789,1
2215439,0
822688,1
1186812,1
71623,0
444960,1
493722,1
2369115,0
651163,1
531672,0
436364,1
2298830,0
1372364,1
570411,0
2088054,0
2301022,0
2371111,0
736702,1
585502,1
770819,1
358509,1
520029,1
490051,1
606375,0
2380718,0
429900,0
499040,1
2286380,0
985956,1
368507,1
481334,0
422411,1
401678,1
890563,1
604843,1
2383131,0
2485131,0
519960,1
1221985,1
389847,1
402728,1
519658,1
425621,1
457819,1
622143,1
643182,1
2294859,0
624190,0
267477,1
568773,1
607439,1
109355,0
894501,1
621397,1
2370777,0
2175666,0
2085426,0
2285492,0
2184999,0
245124,1
884501,1
173029,1
367379,1
231935,1
2300044,0
458478,1
761412,1
412585,1
2369996,0
1855525,0
347213,1
1000253,1
459067,1
449668,1
420104,1
2296933,0
473386,1
2175317,0
515294,1
508406,1
1018387,1
550257,1
692241,1
2371788,0
1682691,0
459049,1
374812,1
2184957,0
2296273,0
787066,1
2092149,0
2295194,0
364713,1
425935,1
430892,1
537890,1
2375212,0
1020470,1
533341,1
292017,0
2307169,0
2076161,0
2305163,0
507890,1
447950,1
538134,1
559694,1
872768,1
2185087,0
974037,1
369355,1
595701,1
478025,1
467830,1
412583,1
135061,0
480344,1
1256897,1
2088921,0
352190,1
521184,0
636020,1
1033887,1
2004835,0
2225016,0
1864776,0
423192,1
618741,0
2300563,0
552310,1
1175437,1
2298042,0
606906,1
852265,1
813415,1
796177,1
2299300,0
449299,1
2217060,0
808311,1
502625,1
547286,1
1041756,1
660734,1
1439725,1
2174841,0
1221151,1
408353,1
2276146,0
2091521,0
461525,1
130735,1
972108,1
597281,1
493982,1
1105812,1
455769,0
2311981,0
364291,1
375266,1
698754,1
654689,1
871927,1
390205,1
2477987,0
430373,1
870090,1
2301481,0
389294,1
384696,1
780809,1
2365528,0
564735,1
2366798,0
432100,1
2311022,0
499606,1
2487101,0
2225044,0
2370112,0
352303,1
474247,1
256209,0
2307990,0
2086338,0
2367692,0
612687,0
2081773,0
752902,1
471606,1
855779,1
455110,1
509061,0
2086209,0
602423,1
346824,0
2294734,0
759174,1
686253,1
2381327,0
777019,1
2378434,0
377314,1
723487,1
274375,1
439137,1
603803,1
198917,0
190811,1
244066,0
1144592,1
453586,1
563450,1
2082037,0
431155,1
808182,1
2475344,0
2298372,0
517756,1
389526,1
443938,1
148878,0
2314573,0
2382815,0
594744,1
990658,1
587148,1
231993,0
2372731,0
501921,1
550092,0
2307365,0
299106,1
2084241,0
225054,1
371025,1
2298811,0
2295267,0
494692,1
427265,1
523325,0
297303,0
365487,0
428172,1
378064,1
2475839,0
1314844,1
2088186,0
826432,1
983930,1
411439,1
383777,1
810587,1
565443,0
2045075,0
554275,1
1205070,1
417391,1
682188,1
372592,1
557401,1
867445,1
178446,1
2298114,0
381990,0
1008791,1
799168,1
2227587,0
2381775,0
224894,1
577510,1
406126,1
547304,1
2307064,0
2366295,0
851706,1
387844,1
448699,1
338592,1
266130,1
2311069,0
2083537,0
556644,1
981695,1
642780,1
572048,0
2487041,0
2376105,0
2092673,0
545606,1
455098,1
1095895,1
437852,1
817676,1
2371657,0
381143,0
2299211,0
1825126,0
506109,1
2366511,0
1866579,0
486202,1
114511,0
203424,1
2377750,0
839818,1
2311224,0
399980,1
2185463,0
534980,1
2310665,0
567062,1
2424808,0
719352,1
514562,1
1037251,1
2370149,0
2334661,0
2375110,0
521139,1
460359,1
663744,1
1867262,0
427358,1
1577883,0
2311240,0
451584,1
2445496,0
308742,1
2083974,0
475497,1
1057403,1
566050,1
585542,1
269834,0
904871,1
2080084,0
373486,1
574473,0
2175528,0
628186,1
764563,1
623099,1
732467,1
2094358,0
377100,1
599204,1
490727,0
623124,1
2381078,0
525686,0
384637,1
520319,0
361687,1
523664,1
463901,1
2217887,0
373081,1
588373,1
137106,1
2092678,0
2304771,0
536134,1
883533,1
2366112,0
359468,1
556844,1
560486,1
2367304,0
817951,0
373971,1
637154,0
2296780,0
518171,1
598326,1
229276,1
1855781,0
659954,1
523451,0
2286423,0
2080054,0
496799,1
481494,1
783229,1
348235,0
737521,1
490481,1
2308339,0
346948,1
1855003,0
438333,1
410714,0
386779,1
881824,1
712283,1
1934573,0
304387,0
559251,1
645396,1
264267,1
2369535,0
2299620,0
157252,0
423781,1
389184,1
621060,1
564927,1
459573,0
347648,1
368924,1
618343,1
449337,1
116129,1
1151129,1
2376358,0
2307854,0
438923,1
2378983,0
427548,1
601059,1
522784,1
2285140,0
1856535,0
713931,1
722986,1
610245,1
1864718,0
2377888,0
1680010,0
640852,1
584820,1
553208,1
2297373,0
2310751,0
675276,1
383345,1
412835,0
707687,1
2376353,0
2311665,0
380955,1
262113,1
605355,1
746883,1
867848,1
1816442,0
2093467,0
591564,0
259858,0
722643,1
1004157,1
2305361,0
2080702,0
654190,1
670124,1
2079920,0
1545014,1
575382,1
371341,1
2296963,0
2368743,0
2310117,0
2310016,0
465718,1
440817,1
2369737,0
1245975,1
996597,1
260801,1
468810,1
439477,1
1443579,1
443983,1
2086505,0
555263,1
554358,0
159713,0
493203,1
1587559,0
540134,0
2090413,0
468987,1
2306965,0
790863,1
978549,0
130699,0
2371832,0
2377468,0
2081809,0
372211,1
2075154,0
2365801,0
2228383,0
387285,1
2226515,0
1267408,1
769704,1
2299095,0
2298271,0
2381729,0
514883,1
2366332,0
465669,1
2514586,0
441540,1
686343,1
378665,1
555078,1
389857,1
2296453,0
2370960,0
610372,0
831163,1
362863,0
208594,1
2379079,0
369909,1
2306399,0
477484,1
404785,1
2089079,0
2229152,0
812628,1
683816,1
2308771,0
1704909,0
418702,1
1178469,1
407304,1
2083541,0
400872,1
157828,0
500566,1
404663,1
573443,1
414189,1
660009,1
392992,1
369240,1
1704760,0
2175684,0
2376833,0
2310333,0
524462,1
430989,1
435350,1
826761,1
373954,1
626658,1
492553,1
543926,1
2228412,0
486818,1
368488,0
283944,1
2477177,0
1205582,1
2365772,0
2174815,0
600667,1
2215244,0
2298331,0
780124,0
674149,1
1009991,1
734863,1
362682,1
2144654,0
1545807,1
2275569,0
625982,1
1293008,1
1200753,1
2375288,0
501987,1
2372368,0
403479,1
680992,1
2487640,0
2082023,0
1442484,1
156877,0
2174594,0
872488,1
289894,1
427666,1
2215674,0
701888,1
1006322,1
469108,1
2085932,0
426031,1
256019,1
202069,0
2184986,0
492862,1
601935,1
446873,1
411549,1
990992,1
2374855,0
648886,1
495938,1
434811,1
2414872,0
500274,0
522056,1
2365661,0
214363,1
664437,1
661665,1
435987,1
568336,0
59006,1
572224,1
747645,1
256488,1
2079367,0
2083985,0
812571,1
460513,1
2276402,0
533488,1
567570,1
2306511,0
2298448,0
520899,1
687289,1
501859,0
2083526,0
2297246,0
470561,1
839744,1
560610,1
2086555,0
422667,1
2376903,0
522686,1
2286793,0
619498,0
1189779,1
549906,1
757804,1
1006372,1
2375051,0
505579,1
478630,0
713710,0
1442553,1
570090,1
2334793,0
355062,0
2078180,0
445271,1
633670,1
461451,1
1704848,0
651601,1
187007,0
517983,1
1032577,1
444997,1
2184700,0
500927,1
409434,1
2296942,0
367703,1
514648,1
344282,1
600342,1
489239,1
992247,1
722731,1
2368765,0
524166,1
499949,1
483025,1
351184,1
397354,1
2299469,0
2365626,0
308659,0
591496,1
97606,0
440134,1
745452,1
2015029,0
720885,1
1070129,1
386369,0
2394606,0
346919,1
2307319,0
695647,1
2084929,0
1596146,0
2286694,0
377081,1
2275113,0
432427,1
2094115,0
70120,0
444914,1
193586,1
495891,1
823400,1
157276,0
465390,1
472837,1
1009699,1
384822,1
2225747,0
498330,1
436032,1
1139640,1
484249,0
2370791,0
599500,0
635164,1
850828,1
2094420,0
2093055,0
494642,0
2226181,0
995018,1
2045090,0
1120237,1
480042,0
1626080,0
2094445,0
391751,1
586427,1
880478,1
454764,1
2306495,0
208050,0
416277,1
493825,1
1794591,0
330677,1
473015,1
2311826,0
2435801,0
622190,1
630359,1
2368777,0
479556,0
747152,1
414481,1
494363,1
2184683,0
2295501,0
2367992,0
2369804,0
248304,1
696639,0
520839,1
405898,1
764985,1
457931,1
179317,0
2383038,0
2371477,0
1032098,1
971529,1
491557,1
2380300,0
850713,1
742464,1
278085,0
381122,1
364944,0
469034,1
588608,1
662849,1
2435162,0
534250,1
646509,1
464919,1
349961,1
395226,1
1077012,1
571836,1
1112436,1
826963,1
972373,1
2285267,0
1489445,1
434993,1
758486,1
1022579,1
493169,1
2227524,0
2275633,0
653295,1
876617,1
2079385,0
169504,0
1686456,0
717115,1
434223,1
2296638,0
451409,1
463465,1
480675,1
2371626,0
1620964,0
381758,1
393791,1
390193,1
492598,1
436294,1
1061070,1
362888,1
490608,1
2375058,0
2228868,0
2376463,0
879246,1
2214875,0
486838,1
453894,1
351785,1
703021,1
157768,1
474664,1
627014,1
637206,1
461582,1
698016,1
502949,1
2301763,0
417848,1
1695374,0
350282,0
561614,1
364280,1
344747,1
624376,1
802678,1
2076282,0
767989,1
527233,1
753279,1
1093565,1
985214,1
403018,1
2298660,0
736155,1
2312124,0
2175192,0
1475579,1
251142,1
2144667,0
587918,1
1053656,1
2174661,0
2081579,0
386913,1
354673,0
2285075,0
1362590,1
514354,1
1166679,1
372144,1
826532,1
499021,1
2371931,0
727197,1
538989,1
502510,1
784703,1
488769,1
561347,1
266989,1
444182,1
555478,1
709126,1
504388,0
1062738,1
471831,1
1000384,1
435412,1
353784,1
743307,1
1153010,1
1856870,0
460657,1
381126,0
566977,1
400052,0
936385,1
462696,1
2306540,0
589144,1
757733,1
994807,1
2305235,0
841822,1
395896,1
2175286,0
888206,1
627853,1
2307399,0
1204485,1
2078191,0
2217690,0
522184,1
2381703,0
191186,0
555429,0
307544,1
2294625,0
2284805,0
2364750,0
549843,1
1687683,0
599912,1
646208,1
493219,1
533972,1
568738,1
2084935,0
237246,1
479412,1
2574786,0
2368813,0
315312,0
650128,1
648883,1
557622,1
351653,0
543304,0
383913,1
2080349,0
675858,1
2372401,0
449325,1
144140,0
210287,1
553784,1
380513,1
1865408,0
1026750,1
2088661,0
651235,1
620422,1
2294963,0
437508,1
2079312,0
466346,1
2380782,0
808830,1
630278,1
495909,0
486362,1
1098897,1
2377920,0
459542,1
2376702,0
447709,1
2144583,0
2370971,0
2184716,0
424291,1
2484942,0
372469,1
2090991,0
656295,1
2375176,0
1238574,1
2228191,0
681304,1
515581,1
646908,1
2306403,0
2079541,0
827814,1
400190,1
2365361,0
379833,1
847427,1
2476027,0
583110,1
1856761,0
390155,1
654239,1
451283,1
199055,1
1002404,1
142608,0
395902,1
381874,1
765479,1
2368623,0
439344,1
2217651,0
225812,1
508431,0
1515765,1
2215790,0
495960,1
1138942,1
391263,0
2383503,0
318698,1
2380476,0
610221,1
410422,1
281129,1
2077234,0
432365,1
366003,1
458184,1
398295,1
419037,1
1915001,0
544692,1
461125,1
559956,1
686911,1
131143,0
2296095,0
714853,1
2084265,0
433822,1
2367685,0
485240,1
736683,1
570738,1
545959,1
2375520,0
1266273,1
1446811,1
473028,1
477333,0
455314,1
491916,1
2379167,0
1826957,0
562920,1
432831,1
379579,1
503186,1
293471,1
2285977,0
433589,1
518969,0
726272,1
505666,1
349515,0
2184679,0
521639,1
130510,0
850745,1
820768,1
358547,1
913543,1
662734,1
441061,1
652330,1
1233332,1
268502,1
1157423,1
785937,1
849761,0
2087825,0
548707,1
879744,1
2089737,0
1078366,1
518258,1
362787,1
1056150,0
2091645,0
408236,1
696937,1
825223,1
1504256,1
2364923,0
2088072,0
2075402,0
405857,0
369617,1
2093673,0
2295433,0
1402467,1
460090,1
605874,0
1002199,1
505431,1
239635,0
2368903,0
2476507,0
756072,1
445728,1
2219114,0
1260169,1
404500,1
1150094,1
283826,1
129131,0
375321,1
502017,1
1678824,0
2225608,0
1071862,1
155369,0
453780,1
686474,1
409754,1
456197,1
536634,1
477418,0
824116,1
2381111,0
502586,1
605454,1
202270,1
604319,1
822924,0
433598,1
2090854,0
548748,1
2082239,0
445694,1
997339,1
733548,1
452846,1
369683,1
282707,1
2217466,0
2383171,0
2310922,0
1815174,0
351273,1
329925,1
1865427,0
2228649,0
2474663,0
829150,1
1038761,1
2075898,0
465129,1
544385,1
789347,1
624723,0
2380037,0
2218417,0
433409,1
2306516,0
2275151,0
1080783,1
420612,1
444106,0
388716,1
549020,1
509678,1
484212,1
2093325,0
2299152,0
2311825,0
569223,1
2367071,0
855813,1
2444658,0
450280,1
502297,1
581063,1
494107,1
604470,0
610216,1
674982,1
560435,1
2487044,0
577100,1
2297049,0
2366108,0
2524726,0
235094,1
437802,0
471366,1
799149,1
2375643,0
424922,1
535515,0
507138,1
2377795,0
477388,1
1623084,0
488264,0
1096804,1
2371666,0
2365263,0
744604,1
2077884,0
448514,1
307519,1
585684,1
2080333,0
1680064,0
2371105,0
792555,1
2484606,0
260928,1
2306500,0
503668,1
2378430,0
1075806,1
746107,1
2308293,0
640360,0
360324,1
505472,1
288651,1
472717,1
349712,1
2297193,0
669503,1
371710,1
518444,1
1324371,1
461025,1
1281803,1
2365493,0
2377026,0
1681095,0
2375764,0
611045,1
546093,1
1045540,1
233978,1
2217460,0
2434926,0
666366,1
993878,1
2311098,0
2309560,0
695499,1
471321,0
378236,1
876979,1
321995,1
776098,1
403806,1
2175756,0
1165716,1
881975,1
438273,1
2364829,0
514276,1
456582,1
1149833,1
375429,1
764671,1
2224811,0
2297258,0
581258,1
315507,1
604150,1
2369687,0
2377418,0
2299695,0
177259,1
368223,1
2077835,0
2365214,0
527037,1
70686,0
395093,1
2093709,0
508412,1
2375477,0
432105,1
2486876,0
436278,1
551767,1
236080,0
580277,1
642441,0
575245,1
439493,1
628955,1
398822,1
891490,1
1483429,1
2079737,0
446879,1
2494660,0
300867,1
1694348,0
2284947,0
756472,0
1153711,1
2474830,0
614319,1
823969,1
988133,1
2297432,0
2311298,0
1011655,1
2394598,0
430916,1
467857,1
875480,1
472921,1
509081,0
787623,1
602998,0
436420,1
2445805,0
2297605,0
2219103,0
1020303,1
455886,0
2077299,0
2365716,0
1202579,1
2301772,0
375241,1
2308450,0
300918,1
433904,1
440324,1
490776,0
626909,1
324315,1
2296822,0
430011,1
455715,1
556807,0
623979,0
351358,0
470007,1
354219,1
358557,1
2377118,0
2367262,0
398765,1
437821,1
1690162,0
373125,1
2175112,0
2305482,0
741779,1
2312006,0
308272,1
683337,1
2366489,0
2285815,0
2371140,0
562040,1
121824,1
1855297,0
1014798,1
660889,1
436479,1
549199,1
555859,1
2090994,0
2380275,0
2368243,0
378960,1
348284,0
445980,1
461884,1
161187,1
466750,1
591373,0
2307722,0
1075237,1
2080295,0
388996,1
2218484,0
640420,1
2445736,0
539200,0
2276004,0
704263,1
2174586,0
1240776,1
2184786,0
244029,1
542877,1
829682,1
2295805,0
435974,1
658167,1
2301583,0
586695,0
1865959,0
509814,1
2476415,0
2091000,0
549131,1
416856,1
1041332,1
544005,1
459770,1
606217,1
540733,1
350310,1
2091137,0
377687,1
631618,1
360984,1
278066,1
395968,1
810224,1
532044,1
96350,1
2224882,0
857547,1
1826504,0
1432668,1
308270,1
497350,1
474047,1
876622,1
377507,1
2344664,0
416576,0
2093647,0
2377686,0
1013788,1
353675,1
2014869,0
2381461,0
747349,1
2376520,0
621974,1
475220,1
478012,1
457272,1
494835,1
2434729,0
612140,0
755082,1
349714,0
447849,1
483643,1
248583,1
474940,0
490318,0
984147,1
861696,1
363828,1
2225415,0
781808,1
192299,1
734123,1
1051662,1
376539,1
374259,1
529812,0
1004114,1
642828,1
734341,1
2092952,0
470742,1
2306335,0
825433,1
822262,1
392350,1
2574791,0
2368619,0
431454,0
416717,1
660615,0
537393,1
352252,1
816278,1
1108785,1
593562,1
446193,1
437885,0
1065983,1
2218383,0
1037546,1
798147,1
619431,1
2226950,0
2379385,0
858188,1
2308163,0
352720,1
2014767,0
492526,0
2300118,0
2376270,0
500095,1
1826066,0
2369688,0
2092007,0
443826,1
2474755,0
2224970,0
271900,1
472988,1
2227689,0
2309161,0
1251737,1
714307,1
631370,1
141197,0
1684018,0
387069,1
2077916,0
2309142,0
728590,1
383398,1
692432,1
2093926,0
432185,1
2310788,0
653141,1
454512,1
369118,1
773225,1
594970,1
1309829,1
2087612,0
459758,0
2086809,0
112216,1
370941,1
535238,1
832957,1
760810,1
277709,0
498510,0
2476038,0
549027,1
1160048,1
2379409,0
2377176,0
1025108,1
370302,1
644793,1
631664,0
377376,1
813952,1
2217662,0
2301746,0
414231,1
461346,1
468709,1
431881,1
663995,1
1825147,0
388954,0
609989,1
634004,1
2082831,0
362675,1
653227,1
361282,1
497047,0
2308228,0
2308041,0
2486369,0
759469,1
2310112,0
508640,1
818175,1
1315620,1
463064,0
1705371,0
446889,1
787453,1
379776,1
709220,1
427035,1
2219008,0
554159,0
2083393,0
2274883,0
424384,1
503393,1
819404,1
2301917,0
382739,1
731149,1
367694,1
439564,1
626721,0
2299994,0
416415,1
432377,1
2218671,0
668182,1
2382958,0
420490,1
828761,1
441399,1
633533,1
2175470,0
527076,1
538561,1
504671,1
2310828,0
565174,0
2369432,0
2365386,0
578137,1
2435573,0
2229333,0
2365486,0
230706,0
620070,1
978335,1
1208691,1
747108,1
557846,1
379128,0
1007695,1
661618,1
552432,1
368981,1
2369485,0
2308786,0
2286648,0
611554,1
2377409,0
2524725,0
2091280,0
813780,1
435594,0
734415,1
2434955,0
372540,1
2310047,0
1101635,1
2370699,0
378241,1
545386,0
2076384,0
525519,1
391560,1
645651,1
176610,1
2377878,0
2091443,0
435588,1
724794,1
1195972,1
2215102,0
2382433,0
359905,1
530709,1
470026,1
353371,1
2295738,0
564237,1
2082780,0
474703,0
469866,1
365239,1
1944965,0
615260,1
2214573,0
521293,1
536301,1
648448,1
529606,1
390322,1
386455,1
1855898,0
324633,1
413556,1
2295360,0
1825965,0
399020,0
620545,1
2307724,0
433218,1
718503,1
521264,1
426749,1
1248741,1
491310,1
1353649,1
496556,0
1287625,1
2085365,0
505245,1
385947,1
627199,1
2076287,0
590035,1
477339,1
416656,1
354245,1
354986,1
1199306,1
2365711,0
2301181,0
2372971,0
716158,1
2382363,0
324626,1
266327,1
387426,1
772265,1
2185561,0
867529,1
538354,1
1109401,1
419446,0
495683,1
742519,1
2375575,0
448058,1
2308985,0
413783,0
776320,1
2284792,0
2185663,0
1427620,1
2307262,0
392670,1
405365,1
451291,1
462832,1
416498,1
512667,1
2381348,0
645278,1
120374,1
482564,1
362321,1
530051,1
1945357,0
445091,1
2276424,0
2424775,0
262532,0
2078840,0
1105966,1
644561,1
2217901,0
1188725,1
2297801,0
377437,1
612039,1
454047,1
2077300,0
1905002,0
654995,1
1218139,1
470669,0
2307119,0
460101,1
2175308,0
440579,1
385287,1
2079732,0
622263,0
2309234,0
994018,1
503454,1
1816495,0
207407,1
722953,1
2274868,0
627063,1
218407,0
2380759,0
414465,1
891940,1
494829,1
887274,1
818376,1
451820,1
450494,1
2375996,0
694108,0
482728,1
537690,0
827726,1
2372933,0
2377100,0
2225903,0
356756,1
384068,1
359392,0
523116,1
2434886,0
2275098,0
2083713,0
2485630,0
437992,1
425642,1
546433,1
368897,1
555021,1
2088159,0
769629,1
2334596,0
2080665,0
492140,1
2379002,0
2299650,0
2079851,0
2374762,0
2224717,0
2379160,0
1724662,0
490845,0
1011055,1
361726,1
2381728,0
253766,1
2382684,0
289815,0
641659,0
2371180,0
406463,1
1134794,1
2374784,0
429515,1
427675,1
2379935,0
2185106,0
2284713,0
2300123,0
2219255,0
2088720,0
359175,1
2216059,0
820281,1
513209,1
2077509,0
612241,1
517990,1
2379355,0
474121,1
446257,1
473792,0
462318,1
185684,1
589082,1
2381164,0
454682,1
524955,1
480493,1
730566,1
2284935,0
2089746,0
627881,1
2305331,0
396139,1
706442,1
593161,1
2310942,0
459191,1
2311465,0
850116,1
1183080,1
2298615,0
411992,1
2085393,0
2299087,0
233631,1
2093756,0
2217173,0
2377973,0
2301057,0
533380,1
2077990,0
848889,1
2087263,0
1082792,1
392694,1
555458,0
2219073,0
351978,1
677901,1
995551,1
374485,1
547541,1
1413862,1
170397,0
878288,1
2296707,0
665644,1
2224699,0
1572108,1
2297979,0
359903,1
2300280,0
519261,1
1466736,1
1814749,0
573279,1
1326706,1
484582,1
306362,0
180614,1
139079,0
807144,1
647880,0
2275296,0
2298983,0
542821,0
556159,1
2375494,0
468550,1
391804,1
457121,1
753790,0
475929,0
2276478,0
140036,1
748880,1
500874,1
474305,0
808113,1
483108,1
539834,1
1614943,0
1613630,0
2371775,0
2284599,0
394284,1
537804,1
464592,0
381353,1
2090526,0
1694494,0
496196,0
602159,1
882960,1
1109059,1
2081306,0
872605,1
2085505,0
424206,1
2376061,0
413454,1
2372337,0
415281,1
432554,1
447417,1
733705,1
785834,1
2311535,0
2276689,0
381180,1
2076519,0
566174,1
417238,1
439879,1
2485352,0
1033741,1
466465,1
546780,0
495797,1
1082225,1
385442,1
495974,1
455108,1
2475932,0
1246150,1
233258,0
810884,1
2380209,0
629654,1
370141,1
2375694,0
2311452,0
2307393,0
2434816,0
861881,1
653209,1
1015536,1
467938,1
2093216,0
1867035,0
751268,1
717243,1
148482,0
375368,1
439981,1
1384593,1
2305132,0
2374902,0
485943,1
2376299,0
428954,1
2376658,0
2380203,0
523196,1
2372113,0
473462,1
2274752,0
357882,1
631066,1
558560,1
2368543,0
1585244,1
387759,1
1156625,1
693291,1
541906,1
153022,1
426670,0
549803,0
538596,1
2275434,0
847097,1
1022125,1
849784,1
2044582,0
591087,0
889066,1
2297489,0
2367484,0
2309798,0
558774,1
449262,0
1124201,1
1172483,1
632988,1
425906,1
2299115,0
280176,1
410780,1
486632,1
149590,1
437580,1
2216100,0
715848,1
999918,1
525890,1
2054835,0
851682,1
535733,0
251956,1
349608,0
2286816,0
759106,1
713341,1
637840,1
380233,1
357812,1
2300633,0
399481,1
111227,1
2476314,0
93061,1
423315,1
549382,1
373715,1
1865298,0
1140588,1
507863,1
2383534,0
474118,1
2311195,0
437645,0
1665112,0
438698,0
407691,0
2299704,0
2310412,0
281565,1
1112564,1
370340,1
442016,1
2372620,0
2435460,0
499449,1
445200,1
456193,1
583781,0
1626597,0
153054,1
2087542,0
476500,1
591828,1
2371979,0
351263,0
156142,0
469798,1
179604,1
2185240,0
589332,0
511339,1
416831,1
2215328,0
2373213,0
474725,1
2485452,0
623955,1
2374851,0
1152368,1
668111,1
845793,1
1482687,1
762370,1
431261,1
696817,1
998240,1
466442,1
614811,1
2374845,0
694259,1
1955455,0
675296,1
2375792,0
542652,1
563410,1
454192,1
2079818,0
2373511,0
218343,1
804073,0
409250,1
689115,1
2145040,0
801794,1
265422,0
2364973,0
408322,1
1682264,0
2092838,0
662664,1
455956,0
652022,1
433180,1
725195,1
413663,1
1120349,1
269033,1
2228052,0
430078,1
1130669,1
2218506,0
1200602,1
454186,1
472531,1
2311061,0
1489462,1
642240,1
664941,1
2384758,0
727797,1
992034,1
608545,1
601153,1
775614,1
583920,1
629231,1
2475152,0
1139639,1
2285687,0
512397,1
339655,0
374765,1
130738,0
621075,1
491677,1
791615,1
371801,1
2378913,0
278405,1
435800,1
400238,1
2296401,0
508564,0
2092887,0
226994,0
642869,1
2305634,0
774690,0
2175176,0
574499,1
2308159,0
422979,1
2377636,0
453290,1
278075,1
655111,1
1246879,1
1032502,1
346726,1
429594,0
435614,1
530225,1
2083649,0
154956,0
2305104,0
373272,1
591503,1
2574950,0
565064,0
501421,1
475049,1
2476746,0
2214913,0
459877,0
549720,1
184908,1
345388,1
311591,1
496060,1
372267,1
2380167,0
2381722,0
722752,1
498135,1
547515,1
500861,1
2298677,0
373980,1
468044,1
388382,1
393574,0
595614,1
2366689,0
568894,1
570102,1
92552,1
475307,1
268476,1
479712,1
432985,1
1439742,1
2381982,0
456474,1
438789,0
535873,1
1010794,1
2368565,0
636387,1
389118,1
790795,1
114469,0
382509,1
1624871,0
2087049,0
435366,1
489717,1
387602,1
1107240,1
976022,1
457578,1
1856326,0
483674,1
1143314,1
753669,1
589213,1
2365607,0
589410,1
1194560,1
400783,1
710883,1
1002259,1
2367368,0
501089,1
376486,1
478794,0
177751,0
676161,1
151587,1
2286925,0
2365453,0
2445549,0
2376102,0
2295517,0
2486627,0
2368803,0
2382716,0
607099,0
2474994,0
2285344,0
147198,0
968706,1
260412,0
636590,1
2435430,0
417842,1
2372690,0
1053989,1
311187,1
585697,1
1224405,1
1233283,1
462851,1
360493,1
421402,1
681087,1
1154271,1
569542,1
2081938,0
1857158,0
228076,0
443859,1
347515,1
2376451,0
513631,1
277641,0
2311631,0
402873,1
362851,1
347186,1
2215266,0
347239,1
635927,1
536198,1
348929,0
765963,1
578937,1
2372966,0
1865936,0
2307193,0
593304,1
1825331,0
835945,1
366407,1
665009,1
2225674,0
1040070,1
447132,1
2370574,0
492944,1
409552,1
892527,1
821986,1
835863,1
203998,0
596308,1
418079,0
2375199,0
432186,0
2306102,0
474147,1
807163,1
644697,1
2285566,0
1032073,1
2175339,0
657003,1
577208,1
750671,1
2376845,0
2074754,0
1855275,0
369434,1
606343,1
2366482,0
446474,1
2286046,0
495753,1
244793,0
2376130,0
418971,0
1074627,1
592832,1
709917,1
503222,1
1035373,1
217940,0
1183189,1
2077512,0
1309122,1
345503,1
484664,1
827024,0
725192,1
2366855,0
512139,1
2369852,0
2371073,0
590474,1
2300750,0
2372939,0
467049,0
777770,1
219967,1
2378001,0
482986,1
986491,1
620030,0
2298625,0
466698,1
2077024,0
450224,1
360679,1
2311898,0
2274729,0
2375462,0
615077,0
352079,1
780884,1
202128,0
323244,0
2296759,0
635339,1
2091638,0
107560,0
2091738,0
254762,1
2084926,0
783667,1
682053,1
679146,1
1236034,1
2305077,0
506058,1
1066112,1
555995,1
541243,1
287629,1
1388897,1
375682,0
345190,1
2379162,0
453688,1
2285050,0
1184845,1
595528,0
391365,0
445130,0
691253,1
779618,1
469552,1
439146,1
1954808,0
379357,1
847383,1
2306788,0
484903,1
531749,0
372505,1
676013,0
137965,1
459545,1
643053,1
505075,1
2380587,0
2300692,0
641545,1
1519734,1
2298506,0
673901,1
462824,1
709329,1
2216651,0
2376188,0
667624,0
1334336,1
461819,1
467182,1
1087593,1
2076972,0
495681,1
2080137,0
619471,1
1635623,0
2305914,0
491862,0
2305155,0
2370304,0
2015193,0
606856,1
491087,1
2276448,0
383924,1
1167273,1
2076949,0
2382565,0
471052,1
510464,0
572084,1
696188,1
602096,1
347076,1
460079,1
370791,1
825819,1
388929,1
2298759,0
